PoliceStation,Year,Type,Date,Time,Latitude,Longitude
Banashankari,2016,Murder,29-07-2016,21:00:00,12.93297,77.58381
Banashankari,2016,Murder,13-11-2016,23:45:00,12.930433,77.549761
Banashankari,2017,Murder,10-05-2017,21:00:00,12.923736,77.58182
Banashankari,2017,Murder,19-07-2017,19:30:00,12.924123,77.576913
Banashankari,2018,Murder,21-06-2018,23:30:00,12.924377,77.582729
Banashankari,2018,Murder,17-07-2018,21:15:00,12.920604,77.520557
Banashankari,2016,Murder,18-06-2016,21:00:00,12.93878218,77.57956109
Banashankari,2017,Murder,02-07-2017,18:30:00,12.9399013,77.57337112
Banashankari,2019,Murder,29-07-2019,18:00:00,12.944557,77.57758
Banashankari,2015,Murder,07-01-2015,06:00:00,12.9076508,77.5951967
Banashankari,2015,Murder,26-01-2015,04:10:00,12.9076508,77.5951967
Banashankari,2015,Murder,08-11-2015,08:00:00,12.9030543,77.5813948
Banashankari,2016,Murder,16-05-2016,07:30:00,12.9036647,77.5785439
Banashankari,2016,Murder,06-09-2016,09:15:00,12.9004589,77.5684636
Banashankari,2016,Murder,11-09-2016,02:50:00,12.909427,77.5706543
Banashankari,2016,Murder,21-11-2016,02:20:00,12.9039655,77.5804308
Banashankari,2018,Murder,01-01-2018,02:00:00,12.9039653,77.5738647
Banashankari,2018,Murder,01-01-2018,02:15:00,12.9124543,77.5737283
Banashankari,2019,Murder,25-08-2019,01:30:00,12.9108342,77.5866704
Banashankari,2019,Murder,25-08-2019,02:30:00,12.9071236,77.583816
Banashankari,2016,Murder,02-12-2016,22:30:00,12.91986,77.56931
Banashankari,2017,Murder,27-11-2017,11:00:00,12.958864,77.638363
Banashankari,2015,Murder,23-07-2015,16:00:00,12.946595,77.59197
Banashankari,2015,Murder,23-12-2015,16:30:00,12.945264,77.59271
Banashankari,2016,Murder,10-04-2016,22:00:00,12.946042,77.593699
Banashankari,2016,Murder,16-05-2016,21:30:00,12.946042,77.593699
Banashankari,2019,Murder,22-06-2019,02:00:00,12.944408,77.593165
Banashankari,2015,Murder,05-02-2015,06:30:00,12.89050892,77.57361002
Banashankari,2015,Murder,09-02-2015,15:00:00,12.90976685,77.55679873
Banashankari,2015,Murder,15-03-2015,16:45:00,12.901082,77.54753806
Banashankari,2015,Murder,26-03-2015,21:45:00,12.86854765,77.5801126
Banashankari,2015,Murder,20-05-2015,09:45:00,12.90958449,77.55159728
Banashankari,2017,Murder,26-02-2017,20:10:00,12.90245473,77.54181407
Banashankari,2017,Murder,12-03-2017,21:00:00,12.88563257,77.5482591
Banashankari,2017,Murder,26-04-2017,23:50:00,12.88948381,77.56232091
Banashankari,2017,Murder,13-10-2017,03:00:00,12.90108207,77.54753806
Banashankari,2018,Murder,12-01-2018,22:30:00,12.9057223,77.53558126
Banashankari,2018,Murder,10-06-2018,03:00:00,12.88289563,77.56647782
Banashankari,2018,Murder,28-09-2018,10:30:00,12.8967726,77.5445644
Banashankari,2019,Murder,08-05-2019,13:00:00,12.91082367,77.54398174
Banashankari,2019,Murder,14-07-2019,21:45:00,12.913512,77.554144
Banashankari,2019,Murder,05-10-2019,17:30:00,12.91084893,77.53745649
Banashankari,2015,Murder,22-02-2015,15:00:00,12.87583,77.511157
Banashankari,2015,Murder,17-03-2015,05:00:00,12.894725,77.542178
Banashankari,2015,Murder,29-03-2015,16:00:00,12.874853,77.554205
Banashankari,2016,Murder,14-01-2016,14:45:00,12.860873,77.520947
Banashankari,2017,Murder,17-01-2017,12:30:00,12.864755,77.528047
Banashankari,2017,Murder,13-04-2017,12:15:00,12.871198,77.536856
Banashankari,2017,Murder,24-04-2017,10:00:00,12.853954,77.553705
Banashankari,2017,Murder,05-08-2017,04:00:00,12.870574,77.571346
Banashankari,2017,Murder,22-08-2017,04:00:00,12.87548,77.535128
Banashankari,2018,Murder,17-01-2018,22:00:00,12.870129,77.556345
Banashankari,2018,Murder,14-07-2018,21:00:00,12.878193,77.535515
Banashankari,2018,Murder,19-09-2018,18:00:00,12.848726,77.572816
Banashankari,2018,Murder,16-10-2018,19:00:00,12.872393,77.557753
Banashankari,2018,Murder,27-10-2018,10:10:00,12.871255,77.56033
Banashankari,2018,Murder,03-11-2018,20:00:00,12.879671,77.54543
Banashankari,2019,Murder,19-08-2019,14:00:00,12.859739,77.562719
Banashankari,2019,Murder,14-10-2019,01:00:00,12.862041,77.563487
Banashankari,2019,Murder,17-11-2019,20:30:00,12.893051,77.543007
Banashankari,2017,Murder,04-03-2017,01:30:00,12.882152,77.565325
Banashankari,2017,Murder,29-07-2017,08:45:00,12.84488,77.583729
Banashankari,2017,Murder,01-11-2017,15:00:00,12.890277,77.57144
Banashankari,2017,Murder,18-11-2017,00:00:00,12.885583,77.57054
Banashankari,2018,Murder,07-09-2018,04:30:00,12.889932,77.57465
Banashankari,2018,Murder,01-10-2018,00:00:00,12.861345,77.579767
Banashankari,2018,Murder,21-11-2018,23:50:00,12.845887,77.583885
Banashankari,2019,Murder,13-06-2019,16:10:00,12.873733,77.579546
Banashankari,2017,Murder,07-05-2017,16:00:00,12.875176,77.57889
Banashankari,2017,Murder,27-08-2017,16:15:00,12.898898,77.576405
Banashankari,2017,Murder,08-10-2017,08:00:00,12.906331,77.59179
Banashankari,2017,Murder,25-11-2017,04:00:00,12.90903,77.58764
Banashankari,2018,Murder,02-05-2018,17:30:00,12.906448,77.587569
Banashankari,2019,Murder,05-08-2019,18:45:00,12.89643,77.578607
Banashankari,2019,Murder,26-11-2019,10:30:00,12.901612,77.586583
Banashankari,2016,Murder,23-06-2016,17:00:00,12.937792,77.537268
Banashankari,2017,Murder,08-01-2017,08:30:00,12.939585,77.544317
Banashankari,2017,Murder,21-04-2017,09:10:00,12.937792,77.537268
Banashankari,2018,Murder,08-04-2018,03:00:00,12.946026,77.544111
Banashankari,2018,Murder,09-07-2018,15:00:00,12.940271,77.542692
Banashankari,2016,Murder,15-04-2016,04:00:00,12.94865677,77.56227641
Banashankari,2017,Murder,07-07-2017,22:00:00,12.94953,77.56316
Banashankari,2017,Murder,14-07-2017,17:00:00,12.94953,77.56316
Banashankari,2015,Murder,15-09-2015,18:30:00,12.96053995,77.57161726
Banashankari,2016,Murder,05-05-2016,17:45:00,12.95608437,77.57561273
Banashankari,2019,Murder,04-12-2019,23:00:00,12.94885,77.55255
Banashankari,2016,Murder,09-04-2016,01:00:00,12.930313,77.554418
Banashankari,2016,Murder,23-06-2016,05:00:00,12.926431,77.544097
Banashankari,2016,Murder,26-06-2016,04:00:00,12.9289,77.554688
Banashankari,2018,Murder,10-03-2018,11:30:00,12.930848,77.562656
Banashankari,2018,Murder,30-09-2018,01:00:00,12.921084,77.540512
Banashankari,2019,Murder,29-04-2019,04:00:00,12.931413,77.566018
Banashankari,2019,Murder,11-09-2019,09:45:00,12.920844,77.543006
Banashankari,2019,Murder,23-09-2019,04:30:00,12.923045,77.541396
Banashankari,2019,Murder,13-11-2019,01:00:00,12.93336,77.550661
Banashankari,2016,AttemptedMurder,10-02-2016,07:00:00,12.971599,77.594563
Banashankari,2016,AttemptedMurder,09-11-2016,13:30:00,12.80642,77.52537
Banashankari,2017,AttemptedMurder,15-01-2017,22:15:00,12.88605,77.494843
Banashankari,2017,AttemptedMurder,21-01-2017,23:50:00,12.921755,77.588346
Banashankari,2017,AttemptedMurder,12-06-2017,07:35:00,12.922076,77.5589539
Banashankari,2018,AttemptedMurder,22-05-2018,18:00:00,12.835635,77.653354
Banashankari,2018,AttemptedMurder,13-08-2018,16:45:00,12.925635,77.583354
Banashankari,2018,AttemptedMurder,30-11-2018,20:00:00,12.28784,76.63313
Banashankari,2018,AttemptedMurder,02-12-2018,16:25:00,12.79642,77.50537
Banashankari,2019,AttemptedMurder,28-04-2019,19:30:00,12.93443,77.592697
Banashankari,2015,AttemptedMurder,01-02-2015,23:15:00,12.943773,77.573418
Banashankari,2015,AttemptedMurder,10-08-2015,10:30:00,12.941212,77.57344
Banashankari,2016,AttemptedMurder,03-05-2017,11:00:00,12.941716,77.573891
Banashankari,2017,AttemptedMurder,11-09-2017,11:30:00,12.941946,77.574073
Banashankari,2017,AttemptedMurder,09-11-2017,00:15:00,12.935305,77.572075
Banashankari,2018,AttemptedMurder,17-05-2018,11:30:00,12.938602,77.575583
Banashankari,2019,AttemptedMurder,19-11-2019,14:30:00,12.942962,77.568212
Banashankari,2015,AttemptedMurder,29-04-2015,04:05:00,12.9071234,77.5772499
Banashankari,2015,AttemptedMurder,11-05-2015,23:46:00,12.9021964,77.5472
Banashankari,2015,AttemptedMurder,02-09-2015,22:50:00,12.9047055,77.5868222
Banashankari,2015,AttemptedMurder,13-10-2015,23:01:00,12.8996863,77.5719224
Banashankari,2015,AttemptedMurder,29-10-2015,08:35:00,12.91655,77.5945793
Banashankari,2015,AttemptedMurder,25-12-2015,21:45:00,12.9165477,77.5617482
Banashankari,2016,AttemptedMurder,04-03-2016,22:01:00,12.9111818,77.5739301
Banashankari,2016,AttemptedMurder,31-03-2016,15:35:00,12.8896959,77.543055
Banashankari,2016,AttemptedMurder,29-08-2016,17:01:00,12.9036647,77.5785439
Banashankari,2016,AttemptedMurder,05-09-2016,11:30:00,12.9423522,77.5027961
Banashankari,2016,AttemptedMurder,20-10-2016,13:15:00,12.909427,77.5706543
Banashankari,2016,AttemptedMurder,22-10-2016,22:45:00,12.9093248,77.5591563
Banashankari,2016,AttemptedMurder,09-12-2016,00:00:00,12.8879049,77.5774295
Banashankari,2017,AttemptedMurder,08-05-2017,22:01:00,12.8879043,77.5621085
Banashankari,2018,AttemptedMurder,27-03-2018,18:20:00,12.8879031,77.5621085
Banashankari,2018,AttemptedMurder,12-06-2018,18:30:00,12.9105665,77.571023
Banashankari,2018,AttemptedMurder,28-08-2018,11:20:00,12.9125802,77.5731949
Banashankari,2019,AttemptedMurder,26-01-2019,18:40:00,12.9125802,77.5731949
Banashankari,2019,AttemptedMurder,28-03-2019,03:00:00,12.9263748,77.5664358
Banashankari,2019,AttemptedMurder,14-04-2019,01:00:00,12.9122435,77.5829634
Banashankari,2019,AttemptedMurder,20-04-2019,17:00:00,12.9204433,77.5663689
Banashankari,2017,AttemptedMurder,03-05-2017,17:00:00,12.87974,77.50031
Banashankari,2017,AttemptedMurder,01-10-2017,06:00:00,12.92957,77.57276
Banashankari,2017,AttemptedMurder,08-11-2017,23:45:00,12.91851,77.58122
Banashankari,2017,AttemptedMurder,09-11-2017,05:00:00,12.87974,77.50031
Banashankari,2018,AttemptedMurder,15-01-2018,18:15:00,12.89066,77.575524
Banashankari,2019,AttemptedMurder,11-03-2019,13:15:00,13.01965,77.60673
Banashankari,2015,AttemptedMurder,22-03-2015,14:30:00,12.944814,77.587996
Banashankari,2015,AttemptedMurder,11-04-2015,14:00:00,12.942789,77.596405
Banashankari,2015,AttemptedMurder,22-07-2015,18:30:00,12.946042,77.593699
Banashankari,2015,AttemptedMurder,06-08-2015,21:00:00,12.93481,77.591525
Banashankari,2015,AttemptedMurder,11-08-2015,00:15:00,12.945283,77.58671
Banashankari,2015,AttemptedMurder,16-08-2015,20:30:00,12.942789,77.596405
Banashankari,2015,AttemptedMurder,03-09-2015,20:00:00,12.934073,77.592244
Banashankari,2015,AttemptedMurder,06-09-2015,20:00:00,12.944485,77.591988
Banashankari,2015,AttemptedMurder,03-10-2015,09:15:00,12.945602,77.588022
Banashankari,2015,AttemptedMurder,17-11-2015,21:00:00,12.946595,77.59197
Banashankari,2016,AttemptedMurder,08-03-2016,13:15:00,12.944814,77.587996
Banashankari,2016,AttemptedMurder,20-03-2016,13:00:00,12.944814,77.587996
Banashankari,2016,AttemptedMurder,26-04-2016,04:00:00,12.942707,77.585262
Banashankari,2017,AttemptedMurder,14-06-2017,04:30:00,12.935847,77.593125
Banashankari,2017,AttemptedMurder,06-07-2017,20:45:00,12.944265,77.593685
Banashankari,2017,AttemptedMurder,19-12-2017,14:00:00,12.945058,77.591578
Banashankari,2018,AttemptedMurder,25-10-2018,10:45:00,12.9446676,77.592128
Banashankari,2018,AttemptedMurder,28-11-2018,17:00:00,12.941015,77.580237
Banashankari,2018,AttemptedMurder,24-12-2018,20:00:00,12.9446676,77.592128
Banashankari,2019,AttemptedMurder,06-01-2019,15:00:00,12.938585,77.58509
Banashankari,2019,AttemptedMurder,18-02-2019,09:45:00,12.946428,77.591183
Banashankari,2019,AttemptedMurder,27-02-2019,13:30:00,12.951431,77.590558
Banashankari,2019,AttemptedMurder,08-04-2019,12:00:00,12.945058,77.591578
Banashankari,2019,AttemptedMurder,07-08-2019,12:00:00,12.946042,77.593699
Banashankari,2019,AttemptedMurder,09-12-2019,21:00:00,12.942008,77.593672
Banashankari,2019,AttemptedMurder,10-12-2019,21:30:00,12.936049,77.592597
Banashankari,2019,AttemptedMurder,22-12-2019,16:30:00,12.943814,77.59715
Banashankari,2015,AttemptedMurder,21-01-2015,12:30:00,12.89062558,77.56405571
Banashankari,2015,AttemptedMurder,30-04-2015,15:00:00,12.89117067,77.5699034
Banashankari,2015,AttemptedMurder,22-05-2015,19:45:00,12.88290759,77.56690606
Banashankari,2016,AttemptedMurder,11-01-2016,21:15:00,12.917986,77.553778
Banashankari,2016,AttemptedMurder,31-01-2016,10:00:00,12.90759817,77.53481056
Banashankari,2016,AttemptedMurder,22-02-2016,08:15:00,12.91273921,77.54878858
Banashankari,2016,AttemptedMurder,29-02-2016,17:40:00,12.90913455,77.55325268
Banashankari,2016,AttemptedMurder,07-03-2016,22:45:00,12.90862205,77.55531561
Banashankari,2016,AttemptedMurder,30-03-2016,12:15:00,12.88867402,77.57312221
Banashankari,2016,AttemptedMurder,07-04-2016,14:35:00,12.88867402,77.57312221
Banashankari,2016,AttemptedMurder,25-06-2016,20:00:00,12.9046755,77.53001756
Banashankari,2016,AttemptedMurder,07-08-2016,20:45:00,12.89572496,77.5719447
Banashankari,2017,AttemptedMurder,06-06-2017,23:45:00,12.91102435,77.53917778
Banashankari,2017,AttemptedMurder,15-09-2017,10:00:00,12.89900112,77.544042
Banashankari,2017,AttemptedMurder,04-10-2017,22:15:00,12.90827601,77.55022679
Banashankari,2017,AttemptedMurder,08-10-2017,21:30:00,12.91422266,77.53929427
Banashankari,2017,AttemptedMurder,08-12-2017,07:30:00,12.8997408,77.54951691
Banashankari,2018,AttemptedMurder,04-02-2018,18:15:00,12.91739661,77.54533797
Banashankari,2018,AttemptedMurder,28-02-2018,18:02:00,12.91022894,77.5481594
Banashankari,2018,AttemptedMurder,14-04-2018,13:45:00,12.90471042,77.54488816
Banashankari,2018,AttemptedMurder,08-12-2018,21:00:00,12.90988782,77.55763608
Banashankari,2019,AttemptedMurder,14-01-2019,12:15:00,12.9057223,77.53558126
Banashankari,2019,AttemptedMurder,18-02-2019,10:30:00,12.88520621,77.56866459
Banashankari,2019,AttemptedMurder,13-03-2019,08:00:00,12.904425,77.528388
Banashankari,2019,AttemptedMurder,03-04-2019,21:00:00,12.89062558,77.56405571
Banashankari,2019,AttemptedMurder,25-10-2019,00:45:00,12.9057223,77.53558126
Banashankari,2015,AttemptedMurder,02-01-2015,13:15:00,12.885536,77.542507
Banashankari,2015,AttemptedMurder,20-03-2015,21:00:00,12.870927,77.536764
Banashankari,2015,AttemptedMurder,05-04-2015,21:00:00,12.891626,77.496854
Banashankari,2015,AttemptedMurder,14-05-2015,14:00:00,12.862772,77.531239
Banashankari,2015,AttemptedMurder,17-09-2015,20:30:00,12.876155,77.53255
Banashankari,2015,AttemptedMurder,15-10-2015,09:30:00,12.872936,77.528647
Banashankari,2016,AttemptedMurder,30-03-2016,17:00:00,12.874927,77.542694
Banashankari,2016,AttemptedMurder,29-06-2019,11:00:00,12.870315,77.5375
Banashankari,2016,AttemptedMurder,08-08-2016,15:00:00,12.872491,77560741
Banashankari,2016,AttemptedMurder,08-08-2016,15:30:00,12.872491,77560741
Banashankari,2016,AttemptedMurder,28-09-2016,13:00:00,12.876095,77.546538
Banashankari,2016,AttemptedMurder,25-11-2016,00:15:00,12.879245,77.512528
Banashankari,2016,AttemptedMurder,28-11-2016,17:00:00,12.891048,77.542411
Banashankari,2016,AttemptedMurder,03-12-2016,07:00:00,12.88374,77.501315
Banashankari,2017,AttemptedMurder,01-02-2017,22:30:00,12.856318,77.559623
Banashankari,2017,AttemptedMurder,27-02-2017,23:15:00,12.895099,77.542102
Banashankari,2017,AttemptedMurder,11-04-2017,01:00:00,12.869881,77.525669
Banashankari,2017,AttemptedMurder,17-05-2017,13:30:00,12.868478,77.521805
Banashankari,2017,AttemptedMurder,10-06-2017,14:45:00,12.877804,77.533739
Banashankari,2017,AttemptedMurder,16-08-2017,10:30:00,12.863084,77.526325
Banashankari,2017,AttemptedMurder,19-11-2017,12:10:00,12.880893,77.543751
Banashankari,2017,AttemptedMurder,26-11-2017,22:00:00,12.874507,77.529564
Banashankari,2018,AttemptedMurder,11-02-2018,12:00:00,12.853218,77.553667
Banashankari,2018,AttemptedMurder,01-04-2018,08:30:00,12.881532,77.511282
Banashankari,2018,AttemptedMurder,18-06-2018,21:15:00,12.877385,77.534077
Banashankari,2018,AttemptedMurder,11-09-2018,23:30:00,12.867237,77.535278
Banashankari,2018,AttemptedMurder,26-10-2018,13:00:00,12.878813,77.482329
Banashankari,2018,AttemptedMurder,22-11-2018,18:30:00,12.85092,77.557048
Banashankari,2019,AttemptedMurder,07-04-2019,03:45:00,12.880754,77.549448
Banashankari,2019,AttemptedMurder,04-09-2019,18:30:00,12.895797,77.536992
Banashankari,2019,AttemptedMurder,05-09-2019,06:30:00,12.865399,77.520688
Banashankari,2019,AttemptedMurder,17-09-2019,14:00:00,12.865652,77.516896
Banashankari,2017,AttemptedMurder,31-05-2017,09:00:00,12.881457,77.573157
Banashankari,2017,AttemptedMurder,02-07-2017,12:30:00,12.85708,77.577065
Banashankari,2017,AttemptedMurder,12-10-2017,22:30:00,12.899251,77.576456
Banashankari,2017,AttemptedMurder,02-12-2017,23:00:00,12.88967,77.571871
Banashankari,2017,AttemptedMurder,03-12-2017,00:10:00,12.871945,77.57484
Banashankari,2018,AttemptedMurder,05-02-2019,15:20:00,12.855507,77.587458
Banashankari,2018,AttemptedMurder,30-03-2019,04:15:00,12.888075,77.570911
Banashankari,2018,AttemptedMurder,11-04-2018,09:40:00,12.88245,77.575277
Banashankari,2018,AttemptedMurder,26-05-2018,19:00:00,12.871945,77.57484
Banashankari,2018,AttemptedMurder,02-07-2018,20:54:00,12.881966,77.566281
Banashankari,2018,AttemptedMurder,31-07-2018,13:10:00,12.84856,77.58442
Banashankari,2018,AttemptedMurder,25-08-2018,05:30:00,12.870638,77.583264
Banashankari,2018,AttemptedMurder,26-04-2018,17:00:00,12.881012,77.57636
Banashankari,2019,AttemptedMurder,05-02-2019,21:00:00,12.88967,77.571871
Banashankari,2019,AttemptedMurder,30-03-2019,07:00:00,12.878993,77.557886
Banashankari,2019,AttemptedMurder,31-03-2019,07:15:00,12.880183,77.567401
Banashankari,2019,AttemptedMurder,03-04-2019,21:10:00,12.896392,77.570185
Banashankari,2019,AttemptedMurder,04-04-2019,07:00:00,12.89639,77.570185
Banashankari,2019,AttemptedMurder,30-05-2019,23:15:00,12.840624,77.580569
Banashankari,2019,AttemptedMurder,20-11-2019,16:30:00,12.88818,77.570987
Banashankari,2019,AttemptedMurder,25-11-2019,12:30:00,12.843536,77.5836
Banashankari,2017,AttemptedMurder,26-11-2017,03:00:00,12.885931,77.585941
Banashankari,2018,AttemptedMurder,11-04-2018,11:30:00,12.90903,77.58764
Banashankari,2018,AttemptedMurder,07-12-2018,21:00:00,12.902358,77.589837
Banashankari,2019,AttemptedMurder,13-11-2019,19:00:00,12.881791,77.588689
Banashankari,2015,AttemptedMurder,10-02-2015,19:00:00,12.91241826,77.56410484
Banashankari,2015,AttemptedMurder,06-03-2015,22:00:00,12.89991364,77.57249095
Banashankari,2015,AttemptedMurder,07-07-2015,17:00:00,12.90260728,77.56148874
Banashankari,2015,AttemptedMurder,29-07-2015,18:30:00,12.90218746,77.57262417
Banashankari,2015,AttemptedMurder,29-07-2015,12:00:00,12.90218746,77.57262417
Banashankari,2015,AttemptedMurder,03-12-2015,16:30:00,12.90852035,77.57252653
Banashankari,2015,AttemptedMurder,13-12-2015,21:00:00,12.91412564,77.56333546
Banashankari,2015,AttemptedMurder,19-12-2015,12:00:00,12.90218746,77.57262417
Banashankari,2016,AttemptedMurder,07-01-2016,21:00:00,12.90715124,77.57065327
Banashankari,2016,AttemptedMurder,09-01-2016,22:30:00,12.91054686,77.56074553
Banashankari,2016,AttemptedMurder,27-01-2016,15:15:00,12.91566688,77.56156532
Banashankari,2016,AttemptedMurder,03-05-2016,22:00:00,12.90366644,77.56746087
Banashankari,2016,AttemptedMurder,04-06-2016,11:00:00,12.89271943,77.56681596
Banashankari,2016,AttemptedMurder,07-07-2016,15:30:00,12.91449059,77.57210648
Banashankari,2016,AttemptedMurder,31-07-2016,20:40:00,12.91449059,77.57210648
Banashankari,2016,AttemptedMurder,07-08-2016,00:30:00,12.90734054,77.57261192
Banashankari,2016,AttemptedMurder,16-08-2016,23:01:00,12.9043309,77.56846815
Banashankari,2016,AttemptedMurder,05-09-2016,17:00:00,12.90089276,77.56988137
Banashankari,2016,AttemptedMurder,03-09-2016,15:30:00,12.91629741,77.57079562
Banashankari,2016,AttemptedMurder,01-11-2016,11:55:00,12.89819504,77.56937533
Banashankari,2016,AttemptedMurder,21-12-2016,00:20:00,12.89880749,77.57229001
Banashankari,2017,AttemptedMurder,04-02-2017,21:00:00,12.91249413,77.57240566
Banashankari,2017,AttemptedMurder,24-03-2017,21:00:00,12.90366644,77.56746087
Banashankari,2017,AttemptedMurder,09-06-2017,23:00:00,12.89645157,77.56024331
Banashankari,2017,AttemptedMurder,23-08-2017,21:00:00,12.90260728,77.56148874
Banashankari,2017,AttemptedMurder,22-11-2017,22:30:00,12.90071316,77.56512395
Banashankari,2017,AttemptedMurder,27-11-2017,21:00:00,12.9079108,77.56673681
Banashankari,2018,AttemptedMurder,13-03-2018,18:00:00,12.91351662,77.5670477
Banashankari,2018,AttemptedMurder,29-05-2018,19:00:00,12.90089276,77.56988137
Banashankari,2018,AttemptedMurder,18-06-2018,14:00:00,12.9043309,77.56846815
Banashankari,2018,AttemptedMurder,26-06-2018,15:00:00,12.91514368,77.56941913
Banashankari,2018,AttemptedMurder,09-07-2018,14:00:00,12.90233856,77.56532528
Banashankari,2018,AttemptedMurder,18-07-2018,23:00:00,12.89823645,77.56947621
Banashankari,2018,AttemptedMurder,05-09-2020,21:00:00,12.90509645,77.571337
Banashankari,2018,AttemptedMurder,03-11-2018,18:00:00,12.90617125,77.56984584
Banashankari,2018,AttemptedMurder,07-12-2018,23:30:00,12.91351662,77.5670477
Banashankari,2019,AttemptedMurder,29-01-2019,22:30:00,12.89684755,77.56748099
Banashankari,2019,AttemptedMurder,17-08-2019,22:30:00,12.89790647,77.5594981
Banashankari,2019,AttemptedMurder,08-09-2019,13:30:00,12.89143882,77.56450442
Banashankari,2015,AttemptedMurder,09-09-2015,05:00:00,12.931754,77.539058
Banashankari,2015,AttemptedMurder,18-09-2015,02:00:00,12.936892,77.551396
Banashankari,2015,AttemptedMurder,28-10-2015,23:55:00,12.936135,77.545152
Banashankari,2016,AttemptedMurder,02-06-2016,08:00:00,12.937792,77.537268
Banashankari,2016,AttemptedMurder,01-01-2016,11:30:00,12.939647,77.552168
Banashankari,2016,AttemptedMurder,12-03-2016,16:00:00,12.943851,77.548762
Banashankari,2016,AttemptedMurder,03-11-2016,22:30:00,12.939585,77.544317
Banashankari,2016,AttemptedMurder,10-11-2016,22:15:00,12.933474,77.543107
Banashankari,2016,AttemptedMurder,27-04-2016,21:30:00,12.937343,77.537022
Banashankari,2016,AttemptedMurder,12-05-2016,11:30:00,12.930897,77.53865
Banashankari,2016,AttemptedMurder,30-11-2016,22:15:00,12.555886,77.321119
Banashankari,2017,AttemptedMurder,05-03-2017,19:00:00,12.939647,77.552168
Banashankari,2017,AttemptedMurder,07-12-2017,20:30:00,12.936892,77.551396
Banashankari,2018,AttemptedMurder,01-12-2018,22:00:00,12.93586,77.54388
Banashankari,2019,AttemptedMurder,10-12-2019,22:00:00,12.940715,77.545315
Banashankari,2016,AttemptedMurder,30-05-2016,01:30:00,12.94953,77.56316
Banashankari,2017,AttemptedMurder,20-03-2017,09:00:00,12.94953,77.56316
Banashankari,2018,AttemptedMurder,12-03-2018,21:30:00,12.951433,77.567242
Banashankari,2018,AttemptedMurder,16-03-2018,15:00:00,12.953511,77.559792
Banashankari,2018,AttemptedMurder,10-04-2018,10:30:00,12.95046684,77.5643001
Banashankari,2018,AttemptedMurder,06-06-2018,19:00:00,12.948701,77.559813
Banashankari,2019,AttemptedMurder,18-06-2019,11:30:00,12.95014,77.5604
Banashankari,2019,AttemptedMurder,17-07-2019,21:30:00,12.94968,77.56202
Banashankari,2019,AttemptedMurder,20-09-2019,02:40:00,12.94827,77.55944
Banashankari,2019,AttemptedMurder,14-11-2019,22:30:00,12.94951,77.56312
Banashankari,2019,AttemptedMurder,22-11-2019,12:30:00,12.94953,77.56316
Banashankari,2019,AttemptedMurder,02-12-2019,23:00:00,12.94953,77.56316
Banashankari,2017,AttemptedMurder,24-08-2017,16:00:00,12.9533,77.57242
Banashankari,2017,AttemptedMurder,29-09-2019,19:00:00,12.948775,77.572542
Banashankari,2017,AttemptedMurder,10-09-2017,04:03:00,12.95145602,77.57991563
Banashankari,2017,AttemptedMurder,03-11-2017,19:03:00,12.95372208,77.57577085
Banashankari,2018,AttemptedMurder,22-08-2018,17:03:00,12.95627845,77.57656653
Banashankari,2015,AttemptedMurder,04-01-2015,15:15:00,12.9394,77.5543
Banashankari,2015,AttemptedMurder,16-01-2015,12:15:00,12.9365,77.556
Banashankari,2015,AttemptedMurder,02-02-2015,17:00:00,12.5614,77.3305
Banashankari,2015,AttemptedMurder,25-03-2015,18:00:00,12.5638,77.3316
Banashankari,2015,AttemptedMurder,28-04-2015,02:30:00,12.565,77.3633
Banashankari,2015,AttemptedMurder,02-06-2015,21:00:00,12.5648,77.3348
Banashankari,2015,AttemptedMurder,19-09-2015,18:30:00,12.5629,77.3313
Banashankari,2016,AttemptedMurder,18-07-2016,12:15:00,12.5653,77.3319
Banashankari,2016,AttemptedMurder,09-09-2016,09:50:00,12.561,77.3317
Banashankari,2016,AttemptedMurder,27-10-2016,13:30:00,12.5626,77.3327
Banashankari,2017,AttemptedMurder,10-02-2017,08:45:00,12.9324412,77.564925
Banashankari,2017,AttemptedMurder,01-05-2017,21:30:00,12.5641,77.3316
Banashankari,2017,AttemptedMurder,06-07-2017,11:15:00,12.5658,77.334
Banashankari,2017,AttemptedMurder,18-07-2017,18:30:00,12.5631,77.3315
Banashankari,2017,AttemptedMurder,05-02-2017,22:00:00,12.5546,77.3403
Banashankari,2018,AttemptedMurder,14-07-2018,23:40:00,12.5643,77.3331
Banashankari,2019,AttemptedMurder,04-02-2019,12:30:00,12.5629,77.3454
Banashankari,2019,AttemptedMurder,04-04-2019,21:15:00,12.5649,77.3492
Banashankari,2019,AttemptedMurder,30-04-2019,12:30:00,12.5668,77.3323
Banashankari,2019,AttemptedMurder,31-12-2019,12:15:00,12.5654,77.3309
Banashankari,2015,AttemptedMurder,01-01-2015,02:00:00,12.933307,77.555896
Banashankari,2015,AttemptedMurder,03-11-2015,22:40:00,12.932948,77.555739
Banashankari,2016,AttemptedMurder,26-06-2016,11:40:00,12.925628,77.558118
Banashankari,2016,AttemptedMurder,28-08-2016,19:00:00,12.92281,77.549459
Banashankari,2016,AttemptedMurder,12-09-2016,19:00:00,12.930583,77.553237
Banashankari,2016,AttemptedMurder,11-10-2016,23:45:00,12.933015,77.550397
Banashankari,2016,AttemptedMurder,13-10-2016,15:00:00,12.922987,77.549027
Banashankari,2016,AttemptedMurder,27-11-2016,11:00:00,12.929347,77.553496
Banashankari,2017,AttemptedMurder,14-01-2017,00:30:00,12.923302,77.547439
Banashankari,2017,AttemptedMurder,19-01-2017,10:00:00,12.923588,77.546773
Banashankari,2017,AttemptedMurder,24-01-2017,21:00:00,12.930065,77.552782
Banashankari,2017,AttemptedMurder,30-01-2017,17:45:00,12.92428,77.559714
Banashankari,2017,AttemptedMurder,21-07-2017,22:30:00,12.919563,77.542178
Banashankari,2017,AttemptedMurder,13-08-2017,19:30:00,12.927776,77.560628
Banashankari,2017,AttemptedMurder,07-10-2017,19:30:00,12.922983,77.548966
Banashankari,2017,AttemptedMurder,01-09-2017,19:30:00,12.921282,77.552124
Banashankari,2018,AttemptedMurder,19-04-2018,22:00:00,12.924888,77.54409
Banashankari,2018,AttemptedMurder,23-09-2018,23:15:00,12.91959,77.541964
Banashankari,2019,AttemptedMurder,01-02-2019,18:30:00,12.920267,77.542058
Banashankari,2019,AttemptedMurder,15-09-2019,10:30:00,12.932401,77.564047
Banashankari,2019,AttemptedMurder,15-12-2019,09:15:00,12.923094,77.549019
Banashankari,2015,Robbery,09-01-2015,15:15:00,12.914562,77.58467
Banashankari,2015,Robbery,18-02-2015,13:00:00,12.912566,77.58986
Banashankari,2015,Robbery,25-02-2015,13:30:00,12.91802,77.58833
Banashankari,2015,Robbery,14-05-2015,00:05:00,12.554512,77
Banashankari,2015,Robbery,05-07-2015,03:40:00,12.932946,77.58386
Banashankari,2015,Robbery,02-11-2015,09:45:00,12.915644,77.56456
Banashankari,2016,Robbery,07-02-2016,20:45:00,12.97194,77.59369
Banashankari,2016,Robbery,29-02-2016,11:00:00,12.932554,77.589451
Banashankari,2016,Robbery,07-04-2016,20:15:00,12.933705,77.5787847
Banashankari,2016,Robbery,09-09-2016,20:15:00,12.96557,77.60625
Banashankari,2016,Robbery,19-09-2016,23:30:00,12.916148,77.58543
Banashankari,2016,Robbery,09-10-2016,22:00:00,12.922512,77.588537
Banashankari,2016,Robbery,26-10-2016,21:00:00,12.97194,77.59369
Banashankari,2016,Robbery,26-10-2016,16:30:00,12.97194,77.59369
Banashankari,2016,Robbery,22-11-2016,09:15:00,12.922517,77.58415
Banashankari,2016,Robbery,29-11-2016,21:35:00,12.929273,77.582423
Banashankari,2016,Robbery,02-12-2016,00:30:00,12.922918,77.58598
Banashankari,2016,Robbery,09-12-2016,20:00:00,12.96557,77.60625
Banashankari,2016,Robbery,18-12-2016,14:00:00,12.929273,77.58242
Banashankari,2016,Robbery,26-12-2016,10:30:00,12.929273,77.58242
Banashankari,2016,Robbery,27-03-2017,12:30:00,12.924709,77.589568
Banashankari,2016,Robbery,21-04-2017,10:40:00,12.920751,77.574677
Banashankari,2016,Robbery,21-04-2017,16:30:00,12.91113,77.572982
Banashankari,2016,Robbery,25-07-2017,09:00:00,12.920042,77.583575
Banashankari,2016,Robbery,28-07-2017,23:30:00,12.933466,77.584554
Banashankari,2016,Robbery,28-08-2017,14:30:00,12.923436,77.583712
Banashankari,2016,Robbery,12-09-2017,12:10:00,12.921507,77.580242
Banashankari,2017,Robbery,20-09-2017,11:30:00,12.929507,77.580123
Banashankari,2017,Robbery,30-10-2017,22:30:00,12.933196,77.583949
Banashankari,2017,Robbery,08-11-2017,13:15:00,12.937057,77.579642
Banashankari,2017,Robbery,14-11-2017,20:45:00,12.926539,77.580657
Banashankari,2017,Robbery,14-11-2017,21:15:00,12.927594,77.587401
Banashankari,2017,Robbery,16-11-2017,10:00:00,12.924444,77.58544
Banashankari,2017,Robbery,17-11-2017,03:15:00,12.919213,77.589206
Banashankari,2017,Robbery,01-12-2017,20:45:00,12.917612,77.57555
Banashankari,2018,Robbery,20-02-2018,23:10:00,12.926114,77.584636
Banashankari,2018,Robbery,02-03-2018,19:50:00,12.91996,77.577755
Banashankari,2018,Robbery,06-04-2018,20:00:00,12.932965,77.583821
Banashankari,2018,Robbery,07-04-2018,00:10:00,12.922168,77.575662
Banashankari,2018,Robbery,14-04-2018,01:15:00,12.936028,77.581004
Banashankari,2018,Robbery,16-04-2018,09:30:00,12.91802,77.588333
Banashankari,2018,Robbery,23-04-2018,00:15:00,12.918903,77.579729
Banashankari,2018,Robbery,26-04-2018,22:30:00,12.926314,7.579646
Banashankari,2018,Robbery,08-06-2018,22:00:00,12.936564,77.579101
Banashankari,2018,Robbery,27-06-2018,00:30:00,12.919622,77.576159
Banashankari,2018,Robbery,03-08-2018,12:00:00,12.922461,77.589067
Banashankari,2018,Robbery,19-08-2018,14:15:00,12.919946,77.580174
Banashankari,2018,Robbery,24-10-2018,02:00:00,12.91795,77.588783
Banashankari,2018,Robbery,11-11-2018,16:30:00,12.917777,77.58849
Banashankari,2018,Robbery,06-12-2018,14:00:00,12.91691,77.5857
Banashankari,2018,Robbery,07-12-2018,20:10:00,12.94391,77.5656
Banashankari,2019,Robbery,09-01-2019,11:45:00,12.91925,77.57409
Banashankari,2019,Robbery,10-01-2019,13:45:00,12.920789,77.584152
Banashankari,2019,Robbery,22-02-2019,14:15:00,12.9218,77.58027
Banashankari,2019,Robbery,10-06-2019,12:30:00,12.89658,77.58865
Banashankari,2019,Robbery,15-06-2019,12:10:00,12.937897,77.589756
Banashankari,2019,Robbery,22-06-2019,20:45:00,12.935478,77.586977
Banashankari,2019,Robbery,24-06-2019,20:45:00,12.913208,77.646289
Banashankari,2019,Robbery,10-08-2019,22:30:00,12.91984,77.57982
Banashankari,2019,Robbery,09-09-2019,14:45:00,12.88411,77.49496
Banashankari,2019,Robbery,04-10-2019,14:00:00,13.12876,80.23122
Banashankari,2019,Robbery,10-10-2019,00:45:00,12.93131,77.55262
Banashankari,2019,Robbery,30-12-2019,13:00:00,12.28657,76.63203
Banashankari,2015,Robbery,20-03-2015,22:30:00,12.9164781,77.5877546
Banashankari,2015,Robbery,22-06-2015,15:20:00,12.9113469,77.5934304
Banashankari,2015,Robbery,06-07-2015,16:20:00,12.8136962,77.587486
Banashankari,2015,Robbery,07-07-2015,09:10:00,12.9155917,77.5770282
Banashankari,2015,Robbery,10-07-2015,16:30:00,12.8893536,77.5463813
Banashankari,2015,Robbery,11-08-2015,02:30:00,12.911969,77.5861441
Banashankari,2015,Robbery,14-08-2015,20:00:00,12.9163635,77.5902451
Banashankari,2015,Robbery,29-09-2015,16:00:00,12.9081752,77.5982283
Banashankari,2016,Robbery,02-01-2016,09:15:00,12.9048333,77.5789134
Banashankari,2016,Robbery,27-02-2016,11:30:00,12.9126892,77.5892209
Banashankari,2016,Robbery,31-03-2016,15:00:00,12.9016312,77.5710152
Banashankari,2016,Robbery,11-04-2016,02:15:00,12.9164782,77.5901863
Banashankari,2016,Robbery,02-05-2016,22:35:00,12.9165042,77.5836202
Banashankari,2016,Robbery,08-05-2016,03:30:00,12.9160929,77.5835311
Banashankari,2016,Robbery,02-06-2016,17:35:00,12.9064281,77.5923107
Banashankari,2016,Robbery,09-06-2016,19:30:00,12.9138583,77.5843258
Banashankari,2016,Robbery,23-06-2016,12:45:00,12.9164782,77.5901863
Banashankari,2016,Robbery,15-07-2016,19:30:00,12.9105691,77.5737605
Banashankari,2016,Robbery,18-07-2016,16:35:00,12.9152662,77.5844226
Banashankari,2016,Robbery,30-07-2016,06:15:00,12.9116237,77.5965099
Banashankari,2016,Robbery,24-08-2016,12:30:00,12.9116497,77.5899438
Banashankari,2016,Robbery,01-09-2016,12:30:00,12.9170307,77.5682909
Banashankari,2016,Robbery,10-09-2016,02:05:00,12.9117957,77.5826913
Banashankari,2016,Robbery,13-10-2016,14:30:00,12.9047516,77.5859256
Banashankari,2016,Robbery,18-10-2016,07:45:00,12.9080001,77.5989745
Banashankari,2016,Robbery,19-10-2016,21:00:00,12.9134896,77.5767334
Banashankari,2016,Robbery,19-10-2016,21:00:00,12.9087019,77.5877553
Banashankari,2016,Robbery,20-10-2016,03:10:00,12.9151204,77.5837865
Banashankari,2016,Robbery,22-12-2016,00:30:00,12.9166068,77.5773499
Banashankari,2017,Robbery,10-02-2017,11:40:00,12.9094322,77.5706543
Banashankari,2017,Robbery,28-03-2017,13:32:00,12.9168638,77.5832552
Banashankari,2017,Robbery,05-06-2017,13:00:00,12.906925,77.5842211
Banashankari,2017,Robbery,30-07-2017,17:00:00,12.9174342,77.5735833
Banashankari,2017,Robbery,04-09-2017,09:30:00,12.9174602,77.5670172
Banashankari,2017,Robbery,20-09-2017,14:00:00,12.9064191,77.5945086
Banashankari,2017,Robbery,02-10-2017,10:30:00,12.9142916,77.5909833
Banashankari,2018,Robbery,21-01-2018,09:00:00,12.9103454,77.5902119
Banashankari,2017,ChainSnatching,15-09-2017,20:30:00,12.94898752,77.56995676
Banashankari,2018,ChainSnatching,04-05-2018,22:00:00,12.9556,77.56883
Banashankari,2015,ChainSnatching,06-01-2015,15:30:00,12.9486433,77.57586657
Banashankari,2015,ChainSnatching,22-03-2015,09:15:00,12.9594654,77.57113375
Banashankari,2015,ChainSnatching,17-04-2015,06:30:00,12.95154815,77.57555399
Banashankari,2015,ChainSnatching,28-12-2015,18:30:00,12.94870298,77.5787416
Banashankari,2016,ChainSnatching,08-07-2016,10:30:00,12.96020902,77.57035056
Banashankari,2017,ChainSnatching,11-06-2017,09:15:00,12.95274238,77.57638783
Banashankari,2018,ChainSnatching,30-05-2018,16:30:00,12.95862417,77.57448411
Banashankari,2018,ChainSnatching,19-06-2018,23:00:00,12.95206739,77.57928102
Banashankari,2018,ChainSnatching,29-10-2018,10:30:00,12.95673846,77.57548011
Banashankari,2019,ChainSnatching,12-03-2019,17:30:00,12.9579316,77.56937036
Banashankari,2015,ChainSnatching,01-06-2015,15:30:00,12.564415,77.333533
Banashankari,2015,ChainSnatching,10-01-2015,12:30:00,12.93965,77.55687
Banashankari,2015,ChainSnatching,10-02-2015,20:45:00,12.94464,77.56029
Banashankari,2015,ChainSnatching,11-04-2015,11:30:00,12.94305,77.5541
Banashankari,2016,ChainSnatching,01-08-2016,21:30:00,12.942041,77.561018
Banashankari,2017,ChainSnatching,01-08-2017,15:00:00,12.943552,77.550541
Banashankari,2017,ChainSnatching,04-01-2017,11:00:00,12.935795,77.656466
Banashankari,2017,ChainSnatching,05-02-2017,15:30:00,12.929073,77.570739
Banashankari,2017,ChainSnatching,07-10-2017,23:00:00,12.942216,77.554679
Banashankari,2017,ChainSnatching,12-11-2017,22:30:00,12.944505,77.561971
Banashankari,2018,ChainSnatching,07-09-2018,06:30:00,12.94619,77.55094
Banashankari,2018,ChainSnatching,09-05-2018,19:40:00,12.94354,77.56295
Banashankari,2018,ChainSnatching,09-09-2018,22:00:00,12.942063,77.559585
Banashankari,2019,ChainSnatching,01-10-2019,21:45:00,12.94285,77.56216
Banashankari,2019,ChainSnatching,01-10-2019,23:30:00,12.94519,77.55699
Banashankari,2019,ChainSnatching,02-03-2019,20:15:00,12.935247,77.554545
Banashankari,2019,ChainSnatching,09-10-2019,16:00:00,12.94551,7756466
Banashankari,2019,ChainSnatching,12-03-2019,18:30:00,12.944193,77.556826
Banashankari,2019,ChainSnatching,12-09-2019,12:00:00,12.93912,77.55505
Banashankari,2015,ChainSnatching,21-06-2015,20:45:00,12.930874,77.545487
Banashankari,2015,ChainSnatching,25-08-2015,12:15:00,12.926381,77.55534
Banashankari,2015,ChainSnatching,21-09-2015,11:45:00,12.925038,77.546948
Banashankari,2015,ChainSnatching,22-09-2015,16:00:00,12.930957,77.552192
Banashankari,2015,ChainSnatching,02-12-2015,18:45:00,12.922066,77.550921
Basavanagudi,2018,Robbery,28-01-2018,17:10:00,12.9217529,77.5825697
Basavanagudi,2018,Robbery,29-01-2018,22:00:00,12.9116237,77.5965099
Basavanagudi,2018,Robbery,24-02-2018,09:30:00,12.9105119,77.5928196
Basavanagudi,2018,Robbery,07-03-2018,12:00:00,12.9074749,77.5904753
Basavanagudi,2018,Robbery,24-03-2018,16:00:00,12.9296592,77.5521606
Basavanagudi,2018,Robbery,11-05-2018,22:00:00,12.9094322,77.5706543
Basavanagudi,2018,Robbery,12-07-2018,21:10:00,12.9159395,77.5922482
Basavanagudi,2018,Robbery,29-07-2018,05:30:00,12.9106658,77.5759798
Basavanagudi,2018,Robbery,09-08-2018,16:00:00,12.9169723,77.5901235
Basavanagudi,2019,Robbery,01-02-2019,22:55:00,12.9075378,77.5842326
Basavanagudi,2019,Robbery,12-03-2019,16:30:00,12.9162687,77.5893259
Basavanagudi,2019,Robbery,06-04-2019,04:15:00,12.9142916,77.5909833
Basavanagudi,2019,Robbery,17-05-2019,15:30:00,12.9069002,77.592889
Basavanagudi,2019,Robbery,13-06-2019,19:00:00,12.9146676,77.5876323
Basavanagudi,2019,Robbery,14-11-2019,18:30:00,12.9166559,77.5836937
Basavanagudi,2018,Robbery,27-06-2018,12:00:00,12.967071,77.670484
Basavanagudi,2018,Robbery,25-10-2018,11:30:00,12.94355,77.60976
Basavanagudi,2019,Robbery,06-06-2019,12:30:00,12.91166,77.5572
Basavanagudi,2019,Robbery,12-09-2019,20:45:00,12.92013,77.56925
Basavanagudi,2015,Robbery,09-10-2015,00:35:00,12.94046,77.597527
Basavanagudi,2016,Robbery,17-07-2016,13:00:00,12.943567,77.580167
Basavanagudi,2016,Robbery,15-09-2016,10:00:00,12.939297,77.585205
Basavanagudi,2016,Robbery,28-09-2016,09:00:00,12.937969,77.580158
Basavanagudi,2017,Robbery,09-01-2017,05:30:00,12.943814,77.59715
Basavanagudi,2017,Robbery,01-02-2017,20:15:00,12.947515,77.593908
Basavanagudi,2017,Robbery,23-02-2017,01:00:00,12.942503,77.580992
Basavanagudi,2017,Robbery,27-05-2017,14:45:00,12.947859,77.592105
Basavanagudi,2017,Robbery,28-08-2017,11:00:00,12.947859,77.592105
Basavanagudi,2018,Robbery,06-01-2018,20:00:00,12.943814,77.59715
Basavanagudi,2018,Robbery,09-01-2018,21:00:00,12.938436,77.583998
Basavanagudi,2018,Robbery,17-01-2018,20:00:00,12.942646,77.581997
Basavanagudi,2018,Robbery,27-01-2018,16:00:00,12.951453,77.590628
Basavanagudi,2018,Robbery,20-03-2018,11:00:00,12.943639,77.58514
Basavanagudi,2018,Robbery,22-03-2018,16:00:00,12.936762,77.585131
Basavanagudi,2018,Robbery,28-03-2018,23:00:00,12.937108,77.601273
Basavanagudi,2018,Robbery,28-03-2018,11:00:00,12.938445,77.58516
Basavanagudi,2018,Robbery,28-03-2018,21:00:00,12.936003,77.58669
Basavanagudi,2018,Robbery,27-04-2018,21:00:00,12.941563,77.582748
Basavanagudi,2018,Robbery,04-07-2018,22:00:00,12.939297,77.585205
Basavanagudi,2019,Robbery,08-02-2019,09:00:00,12.936003,77.58669
Basavanagudi,2019,Robbery,22-02-2019,12:10:00,12.942646,77.581997
Basavanagudi,2019,Robbery,13-03-2019,12:30:00,12.936049,77.592597
Basavanagudi,2019,Robbery,25-03-2019,20:35:00,12.945058,77.591578
Basavanagudi,2019,Robbery,07-04-2019,12:00:00,12.94576,77.587228
Basavanagudi,2019,Robbery,18-05-2019,11:00:00,12.947913,77.580038
Basavanagudi,2019,Robbery,27-06-2019,01:00:00,12.937956,77.598712
Basavanagudi,2019,Robbery,10-07-2019,15:00:00,12.943814,77.59715
Basavanagudi,2019,Robbery,18-12-2019,16:30:00,12.942884,77.585104
Basavanagudi,2015,Robbery,25-05-2015,00:20:00,12.91386713,77.54283946
Basavanagudi,2015,Robbery,23-07-2015,23:00:00,12.88563257,77.5482591
Basavanagudi,2015,Robbery,23-07-2015,21:00:00,12.90953512,77.55714236
Basavanagudi,2015,Robbery,13-09-2015,21:00:00,12.88168725,77.56585586
Basavanagudi,2015,Robbery,29-10-2015,12:50:00,12.88496438,77.55767556
Basavanagudi,2016,Robbery,20-04-2016,10:30:00,12.91242457,77.53558039
Basavanagudi,2016,Robbery,29-04-2016,10:40:00,12.88211726,77.55729374
Basavanagudi,2016,Robbery,09-06-2016,19:45:00,12.87915064,77.57683666
Basavanagudi,2016,Robbery,15-12-2016,22:15:00,12.90711393,77.5439924
Basavanagudi,2016,Robbery,15-12-2016,22:45:00,12.91590055,77.54746898
Basavanagudi,2017,Robbery,01-08-2017,11:45:00,12.88255509,77.5563552
Basavanagudi,2017,Robbery,18-09-2017,23:40:00,12.9057223,77.53558126
Basavanagudi,2017,Robbery,27-09-2017,21:30:00,12.89108917,77.55497675
Basavanagudi,2017,Robbery,05-10-2017,17:30:00,12.91132338,77.55697184
Basavanagudi,2018,Robbery,18-04-2018,06:20:00,12.9066004,77.53756529
Basavanagudi,2019,Robbery,31-05-2019,23:50:00,12.88056739,77.56692379
Basavanagudi,2015,Robbery,10-02-2015,22:00:00,12.859828,77.56893
Basavanagudi,2015,Robbery,10-02-2015,22:30:00,12.859653,77.569358
Basavanagudi,2015,Robbery,25-05-2015,03:00:00,12.873803,77.561605
Basavanagudi,2015,Robbery,06-06-2015,09:00:00,12.870523,77.569048
Basavanagudi,2015,Robbery,19-12-2015,23:00:00,12.857031,77.530484
Basavanagudi,2015,Robbery,23-12-2015,23:00:00,12.885917,77.545639
Basavanagudi,2016,Robbery,18-03-2016,21:00:00,12.875936,77.53409
Basavanagudi,2016,Robbery,20-03-2016,09:00:00,12.856699,77.562385
Basavanagudi,2016,Robbery,19-04-2016,21:00:00,12.887446,77.502459
Basavanagudi,2016,Robbery,19-10-2016,12:15:00,12.88599,77.502802
Basavanagudi,2016,Robbery,05-11-2016,12:30:00,12.878482,77.495114
Basavanagudi,2016,Robbery,11-11-2016,12:30:00,12.857638,77.527322
Basavanagudi,2017,Robbery,30-04-2017,23:30:00,12.865732,77.523058
Basavanagudi,2017,Robbery,14-06-2017,03:30:00,12.892692,77.536615
Basavanagudi,2017,Robbery,04-11-2017,09:45:00,12.745859,77.487815
Basavanagudi,2017,Robbery,12-07-2017,12:30:00,12.859938,77.56061
Basavanagudi,2018,Robbery,23-03-2018,09:00:00,12.874399,77.560296
Basavanagudi,2018,Robbery,09-04-2018,08:30:00,12.901526,77.513039
Basavanagudi,2018,Robbery,27-05-2018,01:00:00,12.876377,77.53243
Basavanagudi,2018,Robbery,27-05-2018,01:00:00,12.892718,77.52418
Basavanagudi,2018,Robbery,27-08-2018,04:20:00,12.858318,77.525526
Basavanagudi,2019,Robbery,01-06-2019,17:30:00,12.876729,77.553495
Basavanagudi,2019,Robbery,12-07-2019,21:25:00,12.85398,77.576174
Basavanagudi,2019,Robbery,29-11-2019,18:00:00,12.857882,77.527602
Basavanagudi,2017,Robbery,23-01-2017,15:00:00,12.889521,77.577839
Basavanagudi,2017,Robbery,24-02-2017,19:35:00,12.885756,77.579713
Basavanagudi,2017,Robbery,06-03-2017,05:15:00,12.888655,77.571018
Basavanagudi,2017,Robbery,08-03-2017,15:30:00,12.87848,77.569592
Basavanagudi,2017,Robbery,16-05-2017,07:14:00,12.882357,77.77573462
Basavanagudi,2017,Robbery,16-05-2017,17:14:00,12.891752,77.575516
Basavanagudi,2017,Robbery,31-05-2017,21:00:00,12.885163,77.570415
Basavanagudi,2017,Robbery,21-06-2017,22:15:00,12.875421,77.579941
Basavanagudi,2017,Robbery,10-09-2017,15:30:00,12.860251,77.580196
Basavanagudi,2018,Robbery,01-03-2018,03:30:00,12.850571,77.586299
Basavanagudi,2018,Robbery,10-04-2018,21:00:00,12.8619,77.58093
Basavanagudi,2018,Robbery,12-10-2018,19:00:00,12.866076,77.580691
Basavanagudi,2018,Robbery,20-10-2018,01:00:00,12.850571,77.586299
Basavanagudi,2019,Robbery,26-02-2019,17:30:00,12.882334,77.576126
Basavanagudi,2019,Robbery,20-05-2019,05:00:00,12.897698,77.585786
Basavanagudi,2019,Robbery,22-08-2019,16:30:00,12.882496,77.56783
Basavanagudi,2019,Robbery,20-12-2019,23:45:00,12.858499,77.592674
Basavanagudi,2019,Robbery,27-05-2019,22:10:00,12.88087,77.5855
Basavanagudi,2015,Robbery,05-02-2015,23:15:00,12.90617125,77.56984584
Basavanagudi,2015,Robbery,11-02-2015,17:00:00,12.90288083,77.57218677
Basavanagudi,2015,Robbery,02-05-2015,15:00:00,12.89281339,77.56663005
Basavanagudi,2016,Robbery,12-05-2016,07:00:00,12.91358777,77.57221799
Basavanagudi,2016,Robbery,31-05-2016,20:10:00,12.90808601,77.56299208
Basavanagudi,2016,Robbery,28-07-2016,23:45:00,12.89034423,77.56427795
Basavanagudi,2016,Robbery,13-11-2016,11:45:00,12.91557199,77.57321559
Basavanagudi,2016,Robbery,01-12-2016,18:30:00,12.91553593,77.56162582
Basavanagudi,2016,Robbery,12-12-2016,14:30:00,12.8957622,77.55994162
Basavanagudi,2017,Robbery,05-01-2017,11:35:00,12.89271943,77.56681596
Basavanagudi,2017,Robbery,06-03-2017,23:50:00,12.91189265,77.56688336
Basavanagudi,2017,Robbery,21-07-2017,21:00:00,12.90844218,77.56367398
Basavanagudi,2017,Robbery,29-08-2017,23:00:00,12.91366009,77.56526713
Basavanagudi,2017,Robbery,01-09-2017,18:00:00,12.9133048,77.56803504
Basavanagudi,2017,Robbery,11-02-2017,01:30:00,12.904336,77.559845
Basavanagudi,2017,Robbery,28-11-2017,21:00:00,12.915784,77.567908
Basavanagudi,2018,Robbery,01-01-2018,17:15:00,12.91436911,77.57331064
Basavanagudi,2018,Robbery,15-02-2018,13:00:00,12.90114947,77.57064657
Basavanagudi,2018,Robbery,27-07-2018,15:30:00,12.89873386,77.55820347
Basavanagudi,2018,Robbery,28-07-2018,13:00:00,12.90617125,77.56984584
Basavanagudi,2018,Robbery,06-10-2018,18:00:00,12.89271943,77.56681596
Basavanagudi,2018,Robbery,16-11-2018,16:15:00,12.90288083,77.57218677
Basavanagudi,2018,Robbery,18-11-2018,09:30:00,12.90288083,77.57218677
Basavanagudi,2018,Robbery,04-12-2018,15:00:00,12.91553593,77.56162582
Basavanagudi,2019,Robbery,28-02-2019,14:30:00,12.89797466,77.56271434
Basavanagudi,2019,Robbery,30-03-2019,11:50:00,12.90260728,77.56148874
Basavanagudi,2019,Robbery,06-06-2019,19:15:00,12.89281339,77.56663005
Basavanagudi,2019,Robbery,24-06-2019,23:00:00,12.89969657,77.57161156
Basavanagudi,2019,Robbery,10-07-2019,13:45:00,12.8957622,77.55994162
Basavanagudi,2015,Robbery,14-10-2015,12:30:00,12.930897,77.53865
Basavanagudi,2015,Robbery,26-11-2015,17:00:00,12.933404,77.543486
Basavanagudi,2016,Robbery,05-01-2016,20:30:00,12.939522,77.544467
Basavanagudi,2016,Robbery,02-06-2016,21:30:00,12.939585,77.441454
Basavanagudi,2016,Robbery,11-08-2016,09:30:00,12.938629,77.544029
Basavanagudi,2016,Robbery,17-05-2016,11:50:00,12.92227,77.532128
Basavanagudi,2016,Robbery,31-12-2016,12:30:00,12.969606,77.504592
Basavanagudi,2017,Robbery,01-04-2017,02:35:00,12.943601,77.544829
Basavanagudi,2017,Robbery,10-04-2017,18:10:00,12.935359,77.53956
Basavanagudi,2017,Robbery,12-09-2017,14:10:00,12.935359,77.53956
Basavanagudi,2018,Robbery,02-08-2018,21:30:00,12.93875477,77.526116
Basavanagudi,2018,Robbery,04-07-2018,09:00:00,12.940701,77.545438
Basavanagudi,2015,Robbery,28-06-2015,06:30:00,12.95501377,77.5702211
Basavanagudi,2016,Robbery,26-08-2016,05:30:00,12.95641368,77.57027585
Basavanagudi,2017,Robbery,22-02-2017,05:30:00,12.94898752,77.56995676
Basavanagudi,2017,Robbery,12-08-2017,13:00:00,12.95416,77.56679
Basavanagudi,2018,Robbery,13-01-2018,04:15:00,12.95533,77.56768
Basavanagudi,2018,Robbery,13-01-2018,05:00:00,12.95722,77.57187
Basavanagudi,2018,Robbery,14-05-2018,21:50:00,12.94946,77.5713
Basavanagudi,2018,Robbery,22-10-2018,07:10:00,12.94898752,77.56995676
Basavanagudi,2019,Robbery,18-05-2019,21:25:00,12.95135,77.56877
Basavanagudi,2019,Robbery,12-09-2019,16:00:00,12.57118,77.34096
Basavanagudi,2015,Robbery,24-08-2015,17:45:00,12.95585076,77.57559967
Basavanagudi,2016,Robbery,10-01-2016,21:30:00,12.95072643,77.57692629
Basavanagudi,2016,Robbery,03-02-2016,14:20:00,12.95274238,77.57638783
Basavanagudi,2016,Robbery,16-04-2016,19:30:00,12.95274238,77.57638782
Basavanagudi,2016,Robbery,18-06-2016,01:30:00,12.9512664,77.5774393
Basavanagudi,2016,Robbery,06-08-2016,22:00:00,12.95154815,77.57555399
Basavanagudi,2016,Robbery,17-11-2016,17:30:00,12.95204802,77.57714548
Basavanagudi,2016,Robbery,27-06-2016,14:00:00,12.94996288,77.57666378
Basavanagudi,2017,Robbery,15-01-2017,02:45:00,12.95154815,77.57555399
Basavanagudi,2017,Robbery,20-02-2017,18:30:00,12.94855653,77.57636579
Basavanagudi,2017,Robbery,26-04-2017,01:30:00,12.95256168,77.57641514
Basavanagudi,2017,Robbery,04-05-2017,20:30:00,12.95274238,77.57638783
Basavanagudi,2017,Robbery,22-02-2017,21:10:00,12.95078529,77.57683747
Basavanagudi,2017,Robbery,11-09-2017,22:00:00,12.95250864,77.57621037
Basavanagudi,2018,Robbery,13-01-2018,11:00:00,12.95683284,77.57444924
Basavanagudi,2018,Robbery,26-06-2018,13:30:00,12.95225434,77.5770338
Basavanagudi,2018,Robbery,30-06-2018,11:30:00,12.95627845,77.57656653
Basavanagudi,2018,Robbery,10-07-2018,15:40:00,12.95515912,77.57389864
Basavanagudi,2018,Robbery,14-01-2018,10:50:00,12.95454204,77.57478975
Basavanagudi,2018,Robbery,07-08-2018,20:15:00,12.95341801,77.57927737
Basavanagudi,2019,Robbery,05-07-2019,00:30:00,12.95515912,77.57393844
Basavanagudi,2019,Robbery,09-07-2019,22:45:00,12.96350804,77.57371142
Basavanagudi,2019,Robbery,20-09-2019,17:30:00,12.9513201,77.5787223
Basavanagudi,2015,Robbery,08-10-2015,13:30:00,12.94227,77.56256
Basavanagudi,2016,Robbery,08-09-2016,20:15:00,12.94022,77.55353
Basavanagudi,2017,Robbery,01-08-2017,02:45:00,12.937009,77.557041
Basavanagudi,2017,Robbery,03-03-2017,01:15:00,12.940983,77.556662
Basavanagudi,2017,Robbery,04-08-2017,02:15:00,12.942452,77.556337
Basavanagudi,2019,Robbery,07-02-2019,16:00:00,12.9472,77.56554
Basavanagudi,2015,Robbery,16-12-2015,17:00:00,12.955074,77.562575
Basavanagudi,2016,Robbery,04-05-2016,16:15:00,12.94395418,77.57535514
Basavanagudi,2016,Robbery,23-11-2016,20:00:00,12.94949,77.56316
Basavanagudi,2017,Robbery,04-01-2017,05:30:00,12.94731,77.56425
Basavanagudi,2017,Robbery,28-08-2017,13:00:00,12.95627,77.56175
Basavanagudi,2018,Robbery,27-05-2018,20:45:00,12.950097,77.556479
Basavanagudi,2019,Robbery,15-03-2019,18:30:00,12.95322,77.561991
Basavanagudi,2019,Robbery,08-10-2019,09:30:00,12.94808,77.56789
Basavanagudi,2015,Robbery,15-03-2015,01:00:00,12.920677,77542981
Basavanagudi,2015,Robbery,18-03-2015,03:40:00,12.923728,77.554157
Basavanagudi,2015,Robbery,20-12-2015,03:45:00,12.926327,77.548414
Basavanagudi,2016,Robbery,30-01-2016,20:30:00,12.93181516,77.55018602
Basavanagudi,2016,Robbery,05-03-2016,12:30:00,12.92186055,77.5521785
Basavanagudi,2016,Robbery,19-06-2016,19:30:00,12.9260417,77.55505414
Basavanagudi,2016,Robbery,06-07-2016,11:30:00,12.92398766,77.54764376
Basavanagudi,2016,Robbery,23-07-2016,15:15:00,12.92259245,77.5507623
Basavanagudi,2016,Robbery,09-08-2016,09:50:00,12.92246955,77.55308643
Basavanagudi,2016,Robbery,12-12-2016,16:20:00,12.9264147,77.55353724
Basavanagudi,2017,Robbery,03-03-2017,16:30:00,12.93347322,77.55432306
Basavanagudi,2017,Robbery,02-09-2017,23:00:00,12.552341,77.325721
Basavanagudi,2018,Robbery,06-04-2018,08:45:00,12.554905,77335970
Basavanagudi,2018,Robbery,09-04-2018,22:20:00,12.553432,77.325119
Basavanagudi,2018,Robbery,17-04-2018,21:35:00,12.555802,77.334942
Basavanagudi,2018,Robbery,30-10-2018,11:15:00,12.555104,77.335841
Basavanagudi,2018,Robbery,07-12-2018,20:15:00,12.9242,77.553256
Basavanagudi,2018,Robbery,09-12-2018,22:00:00,12.930883,77.564694
Basavanagudi,2019,Robbery,11-03-2019,14:00:00,12.9258837,77.554762
Basavanagudi,2019,Robbery,08-04-2019,03:00:00,12.923208,77.549238
Basavanagudi,2015,ChainSnatching,02-03-2015,15:40:00,12.92043,77.5819
Basavanagudi,2015,ChainSnatching,13-03-2015,17:30:00,12.921652,77.57928
Basavanagudi,2015,ChainSnatching,31-03-2015,20:15:00,12.920838,77.58481
Basavanagudi,2015,ChainSnatching,01-04-2015,19:45:00,12.918973,77.57598
Basavanagudi,2015,ChainSnatching,08-05-2015,11:30:00,12.932486,77.58962
Basavanagudi,2015,ChainSnatching,09-06-2015,20:15:00,12.971599,77.59456
Basavanagudi,2015,ChainSnatching,08-12-2015,20:20:00,12.92337,77.58371
Basavanagudi,2015,ChainSnatching,30-12-2015,07:40:00,12.91872,77.57955
Basavanagudi,2016,ChainSnatching,20-03-2016,08:00:00,12.918907,77.577896
Basavanagudi,2016,ChainSnatching,20-05-2016,22:00:00,12.91933,77.57601
Basavanagudi,2016,ChainSnatching,31-08-2016,20:00:00,12.930433,77.549761
Basavanagudi,2016,ChainSnatching,29-09-2016,20:45:00,12.94462,77.617742
Basavanagudi,2016,ChainSnatching,25-10-2016,07:30:00,12.92204,77.58221
Basavanagudi,2016,ChainSnatching,29-11-2016,10:00:00,12.932946,77.583869
Basavanagudi,2016,ChainSnatching,01-12-2016,07:30:00,12.932946,77.583869
Basavanagudi,2017,ChainSnatching,28-03-2017,20:00:00,12.923396,77.581194
Basavanagudi,2017,ChainSnatching,27-07-2017,10:40:00,12.921999,77.587034
Basavanagudi,2017,ChainSnatching,18-09-2017,09:45:00,12.93398,77.57991
Basavanagudi,2017,ChainSnatching,21-09-2017,14:00:00,12.918899,77.577344
Basavanagudi,2017,ChainSnatching,01-10-2017,08:45:00,12.923412,77.564778
Basavanagudi,2017,ChainSnatching,30-10-2017,07:30:00,12.920834,77.584314
Basavanagudi,2017,ChainSnatching,07-12-2017,23:00:00,12.935706,77.582025
Basavanagudi,2017,ChainSnatching,25-12-2017,16:15:00,12.870884,77.655244
Basavanagudi,2018,ChainSnatching,24-02-2018,20:45:00,12.918859,77.579763
Basavanagudi,2018,ChainSnatching,18-06-2018,22:30:00,12.919916,77.581878
Basavanagudi,2018,ChainSnatching,19-06-2018,17:00:00,12.92617,77.587036
Basavanagudi,2018,ChainSnatching,10-07-2018,10:00:00,12.922168,77.575662
Basavanagudi,2018,ChainSnatching,12-07-2018,21:15:00,12.92594,77.583042
Basavanagudi,2018,ChainSnatching,20-10-2018,19:30:00,12.91714,77.58078
Basavanagudi,2019,ChainSnatching,08-03-2019,07:30:00,12.92585,77.5872
Basavanagudi,2019,ChainSnatching,26-03-2019,14:00:00,12.92246,77.59624
Basavanagudi,2019,ChainSnatching,16-04-2019,11:00:00,12.28784,76.633133
Basavanagudi,2019,ChainSnatching,24-04-2019,19:00:00,12.28784,76.633133
Basavanagudi,2019,ChainSnatching,17-05-2019,18:30:00,12.94158,77.584159
Basavanagudi,2019,ChainSnatching,02-07-2019,15:30:00,13.11539,77.565361
Basavanagudi,2015,ChainSnatching,02-05-2015,23:00:00,12.9097051,77.5811038
Basavanagudi,2015,ChainSnatching,18-05-2015,14:50:00,12.9147063,77.5880828
Basavanagudi,2015,ChainSnatching,27-05-2015,14:00:00,12.9045684,77.5909483
Basavanagudi,2015,ChainSnatching,02-06-2015,14:10:00,12.9122625,77.578695
Basavanagudi,2015,ChainSnatching,12-06-2015,15:00:00,12.9075172,77.5850448
Basavanagudi,2015,ChainSnatching,27-08-2015,18:15:00,12.8931843,77.582965
Basavanagudi,2015,ChainSnatching,28-08-2015,12:30:00,12.7413241,77.2429893
Basavanagudi,2015,ChainSnatching,09-09-2015,20:20:00,12.9030608,77.5867775
Basavanagudi,2015,ChainSnatching,30-09-2015,07:30:00,12.9168548,77.5954424
Basavanagudi,2015,ChainSnatching,30-09-2015,12:30:00,12.9119355,77.5866992
Basavanagudi,2015,ChainSnatching,30-10-2015,16:30:00,12.9045277,77.5896538
Basavanagudi,2016,ChainSnatching,02-01-2016,07:30:00,12.9082084,77.5712403
Basavanagudi,2016,ChainSnatching,14-05-2016,21:30:00,12.8961435,77.5974439
Basavanagudi,2016,ChainSnatching,20-06-2016,21:35:00,12.9088745,77.5929109
Basavanagudi,2016,ChainSnatching,18-08-2016,21:35:00,12.9192124,77.585885
Basavanagudi,2016,ChainSnatching,27-09-2016,17:30:00,12.9081165,77.5808039
Basavanagudi,2016,ChainSnatching,26-11-2016,15:30:00,12.9217529,77.5825697
Basavanagudi,2017,ChainSnatching,03-02-2017,22:15:00,12.9133944,77.5859906
Basavanagudi,2017,ChainSnatching,26-02-2017,20:45:00,12.9173404,77.5683769
Basavanagudi,2017,ChainSnatching,06-03-2017,21:00:00,12.9360128,77.6282734
Basavanagudi,2017,ChainSnatching,30-04-2017,18:05:00,12.9151844,77.5877742
Basavanagudi,2017,ChainSnatching,05-06-2017,08:45:00,12.8940952,77.581622
Basavanagudi,2017,ChainSnatching,22-06-2017,08:00:00,12.9101358,77.5832282
Basavanagudi,2017,ChainSnatching,15-07-2017,15:30:00,12.9102224,77.5503972
Basavanagudi,2017,ChainSnatching,20-08-2017,14:30:00,12.908417,77.592364
Basavanagudi,2017,ChainSnatching,15-09-2017,08:40:00,12.9089146,77.5786233
Basavanagudi,2017,ChainSnatching,31-10-2017,08:00:00,12.9127003,77.5876934
Basavanagudi,2017,ChainSnatching,31-10-2017,08:30:00,12.9134518,77.5883934
Basavanagudi,2017,ChainSnatching,25-11-2017,14:10:00,12.9217529,77.5825697
Basavanagudi,2017,ChainSnatching,10-12-2017,08:45:00,12.9070414,77.5897256
Basavanagudi,2018,ChainSnatching,23-02-2018,07:15:00,12.9078012,77.5915234
Basavanagudi,2018,ChainSnatching,19-03-2018,07:00:00,12.9146922,77.5944367
Basavanagudi,2018,ChainSnatching,24-04-2018,07:50:00,12.9158154,77.5930411
Basavanagudi,2018,ChainSnatching,26-08-2018,10:30:00,12.9093911,77.5883412
Basavanagudi,2018,ChainSnatching,31-08-2018,20:00:00,12.9080505,77.5867443
Basavanagudi,2018,ChainSnatching,10-12-2018,20:00:00,12.9160925,77.5882166
Basavanagudi,2019,ChainSnatching,22-02-2019,14:25:00,12.9075608,77.5952252
Basavanagudi,2015,ChainSnatching,09-04-2015,18:00:00,12.936003,77.58669
Basavanagudi,2015,ChainSnatching,04-06-2015,07:15:00,12.93314,77.592321
Basavanagudi,2015,ChainSnatching,21-07-2015,19:45:00,12.943346,77.585274
Basavanagudi,2015,ChainSnatching,04-11-2015,04:30:00,12.943346,77.585274
Basavanagudi,2016,ChainSnatching,25-10-2016,08:45:00,12.933437,77.591016
Basavanagudi,2016,ChainSnatching,02-11-2016,14:00:00,12.942483,77.581006
Basavanagudi,2016,ChainSnatching,02-11-2016,15:15:00,12.938548,77.585899
Basavanagudi,2016,ChainSnatching,12-11-2016,20:00:00,12.941202,77.586684
Basavanagudi,2016,ChainSnatching,16-11-2016,16:45:00,12.941528,77.585997
Basavanagudi,2017,ChainSnatching,23-06-2017,12:30:00,12.936003,77.58669
Basavanagudi,2017,ChainSnatching,03-11-2017,20:30:00,12.940991,77.584108
Basavanagudi,2018,ChainSnatching,10-05-2018,13:30:00,12.943683,77.584406
Basavanagudi,2018,ChainSnatching,14-06-2018,20:30:00,12.942375,77.58673
Basavanagudi,2018,ChainSnatching,19-06-2018,07:30:00,12.943814,77.59715
Basavanagudi,2018,ChainSnatching,25-06-2018,20:30:00,12.939261,77.585214
Basavanagudi,2018,ChainSnatching,02-07-2018,20:50:00,12.938365,77.582962
Basavanagudi,2018,ChainSnatching,05-09-2018,09:00:00,12.935534,77.587228
Basavanagudi,2019,ChainSnatching,11-04-2019,12:30:00,12.948109,77.581263
Basavanagudi,2019,ChainSnatching,21-05-2019,19:15:00,12.942375,77.58673
Basavanagudi,2019,ChainSnatching,22-05-2019,08:00:00,12.948222,77.580132
Basavanagudi,2019,ChainSnatching,01-11-2019,17:35:00,12.937003,77.601464
Basavanagudi,2019,ChainSnatching,03-11-2019,08:45:00,12.941563,77.582748
Basavanagudi,2019,ChainSnatching,25-12-2019,12:00:00,12.948109,77.581263
Basavanagudi,2015,ChainSnatching,06-05-2015,05:15:00,12.88287492,77.5704189
Basavanagudi,2015,ChainSnatching,10-06-2015,16:30:00,12.86938358,77.58391056
Basavanagudi,2015,ChainSnatching,11-06-2015,09:00:00,12.87732329,77.56721483
Basavanagudi,2015,ChainSnatching,11-06-2015,11:40:00,12.89280005,77.55501449
Basavanagudi,2015,ChainSnatching,25-06-2015,15:45:00,12.89038894,77.57899331
Basavanagudi,2015,ChainSnatching,17-06-2015,18:00:00,12.91900624,77.5453977
Basavanagudi,2015,ChainSnatching,09-09-2015,17:45:00,12.90759817,77.53481056
Basavanagudi,2015,ChainSnatching,01-10-2015,13:20:00,12.90657077,77.55256667
Basavanagudi,2015,ChainSnatching,29-10-2015,14:30:00,12.87284621,77.58266707
Basavanagudi,2015,ChainSnatching,01-12-2015,20:20:00,12.8746929,77.58203506
Basavanagudi,2015,ChainSnatching,18-12-2015,16:05:00,12.90944142,77.55721452
Basavanagudi,2016,ChainSnatching,21-03-2016,09:45:00,12.89047086,77.57081006
Basavanagudi,2016,ChainSnatching,06-04-2016,11:50:00,12.8754426,77.5829255
Basavanagudi,2016,ChainSnatching,28-05-2016,06:00:00,13.00748497,77.56788031
Basavanagudi,2016,ChainSnatching,28-05-2016,07:30:00,12.88293147,77.56708988
Basavanagudi,2016,ChainSnatching,06-09-2016,07:25:00,12.87284621,77.58266707
Basavanagudi,2016,ChainSnatching,14-09-2016,12:40:00,12.89574123,77.54796687
Basavanagudi,2016,ChainSnatching,29-09-2016,19:30:00,12.86977032,77.57576426
Basavanagudi,2016,ChainSnatching,05-10-2016,07:10:00,12.88259022,77.55804118
Basavanagudi,2016,ChainSnatching,12-11-2016,12:15:00,12.90108207,77.54753806
Basavanagudi,2016,ChainSnatching,20-11-2016,01:00:00,12.88962293,77.57213196
Basavanagudi,2016,ChainSnatching,27-11-2016,19:45:00,12.8754426,77.5829255
Basavanagudi,2016,ChainSnatching,27-11-2016,20:35:00,12.89110885,77.56991103
Basavanagudi,2016,ChainSnatching,20-12-2016,13:45:00,12.88298531,77.55735737
Basavanagudi,2016,ChainSnatching,26-12-2016,19:00:00,12.89110885,77.56991103
Basavanagudi,2017,ChainSnatching,27-01-2017,17:00:00,12.88962293,77.57213196
Basavanagudi,2017,ChainSnatching,13-02-2017,12:45:00,12.90519495,77.54491162
Basavanagudi,2017,ChainSnatching,03-03-2017,15:30:00,12.8997408,77.54951691
Basavanagudi,2017,ChainSnatching,22-03-2017,23:30:00,12.88563257,77.5482591
Basavanagudi,2017,ChainSnatching,16-05-2017,13:10:00,12.90989234,77.55673516
Basavanagudi,2017,ChainSnatching,19-05-2017,13:20:00,12.9057223,77.53558126
Basavanagudi,2017,ChainSnatching,21-05-2017,05:00:00,12.90976472,77.55400321
Basavanagudi,2017,ChainSnatching,02-06-2017,15:30:00,12.91555088,77.53947694
Basavanagudi,2017,ChainSnatching,17-06-2017,15:00:00,12.88293147,77.56708988
Basavanagudi,2017,ChainSnatching,06-09-2017,06:00:00,12.88255509,77.5563552
Basavanagudi,2017,ChainSnatching,07-09-2017,06:10:00,12.90519495,77.54491162
Basavanagudi,2017,ChainSnatching,28-09-2017,07:15:00,12.88010332,77.57426142
Basavanagudi,2017,ChainSnatching,28-09-2017,20:30:00,12.905759,77.542703
Basavanagudi,2017,ChainSnatching,31-10-2017,11:15:00,12.88376625,77.56842522
Basavanagudi,2017,ChainSnatching,25-11-2017,17:30:00,12.904705,77.53011
Basavanagudi,2018,ChainSnatching,09-04-2018,16:00:00,12.88948381,77.56232091
Basavanagudi,2018,ChainSnatching,07-05-2018,06:20:00,12.89995332,77.54987045
Basavanagudi,2018,ChainSnatching,01-11-2018,06:10:00,12.89021991,77.56305833
Basavanagudi,2018,ChainSnatching,14-12-2018,19:30:00,12.91465669,77.55090808
Basavanagudi,2019,ChainSnatching,22-02-2019,18:30:00,12.90512329,77.54375125
Basavanagudi,2019,ChainSnatching,14-03-2019,11:00:00,12.90920029,77.54773374
Basavanagudi,2019,ChainSnatching,23-08-2019,13:00:00,12.90505271,77.54189573
Basavanagudi,2019,ChainSnatching,10-11-2019,18:45:00,12.88293147,77.56708988
Basavanagudi,2015,ChainSnatching,31-10-2015,17:00:00,12.877998,77.550186
Basavanagudi,2016,ChainSnatching,14-05-2016,21:55:00,12.897553,77.539272
Basavanagudi,2016,ChainSnatching,01-08-2016,15:00:00,12.898151,77.538374
Basavanagudi,2018,ChainSnatching,10-10-2018,21:30:00,12.866923,77.564722
Basavanagudi,2018,ChainSnatching,01-11-2018,07:30:00,12.86607,77.541929
Basavanagudi,2019,ChainSnatching,07-03-2019,10:30:00,12.851503,77.552592
Basavanagudi,2019,ChainSnatching,11-04-2019,08:00:00,12.873184,77.535641
Basavanagudi,2019,ChainSnatching,12-07-2019,08:00:00,12.892912,77.527128
Basavanagudi,2017,ChainSnatching,23-01-2017,15:10:00,12.888051,77.5805
Basavanagudi,2017,ChainSnatching,24-02-2017,19:35:00,12.886996,77.5797
Basavanagudi,2017,ChainSnatching,16-05-2017,14:00:00,12.882084,77.5744
Basavanagudi,2017,ChainSnatching,16-05-2017,14:30:00,12.886347,77.566189
Basavanagudi,2017,ChainSnatching,21-06-2017,22:15:00,12.868679,77.5794
Basavanagudi,2018,ChainSnatching,11-04-2018,11:00:00,12.881587,77.5762
Basavanagudi,2018,ChainSnatching,13-04-2018,18:45:00,12.891846,77.5766
Basavanagudi,2018,ChainSnatching,26-05-2018,20:00:00,12.862015,77.58549
Basavanagudi,2018,ChainSnatching,06-06-2018,21:30:00,12.88169,77.5791
Basavanagudi,2018,ChainSnatching,13-06-2018,18:30:00,12.892977,77.57807
Basavanagudi,2018,ChainSnatching,24-06-2018,15:10:00,12.868153,77.57441
Basavanagudi,2018,ChainSnatching,08-07-2018,09:00:00,12.881898,77.57622
Basavanagudi,2018,ChainSnatching,19-07-2018,18:00:00,12.871359,77.57279
Basavanagudi,2015,ChainSnatching,16-01-2015,17:15:00,12.89375946,77.56151943
Basavanagudi,2015,ChainSnatching,01-02-2015,21:20:00,12.89741561,77.55515142
Basavanagudi,2015,ChainSnatching,11-06-2015,17:45:00,12.89652304,77.55827356
Basavanagudi,2015,ChainSnatching,24-08-2015,19:00:00,12.91093595,77.56466969
Basavanagudi,2016,ChainSnatching,16-02-2016,16:15:00,12.90421044,77.56861831
Basavanagudi,2016,ChainSnatching,11-05-2016,22:15:00,12.89741561,77.55515142
Basavanagudi,2016,ChainSnatching,08-12-2016,16:00:00,12.89741561,77.55515142
Basavanagudi,2016,ChainSnatching,16-12-2016,17:30:00,12.8957622,77.55994162
Basavanagudi,2017,ChainSnatching,05-09-2017,15:00:00,12.90803328,77.5632487
Basavanagudi,2017,ChainSnatching,29-09-2017,23:00:00,12.90803328,77.5632487
Basavanagudi,2017,ChainSnatching,01-10-2017,18:00:00,12.89644747,77.56673681
Basavanagudi,2017,ChainSnatching,10-01-2017,07:15:00,12.904336,77.559845
Basavanagudi,2017,ChainSnatching,10-04-2017,20:00:00,12.907846,77.558291
Basavanagudi,2017,ChainSnatching,10-07-2017,12:30:00,12.904811,77.552829
Basavanagudi,2018,ChainSnatching,09-01-2018,15:00:00,12.89873386,77.55820347
Basavanagudi,2018,ChainSnatching,21-07-2018,18:00:00,12.89741561,77.55515142
Basavanagudi,2018,ChainSnatching,26-07-2018,23:00:00,12.90506076,77.56116111
Basavanagudi,2018,ChainSnatching,09-09-2018,16:00:00,12.89790647,77.5594981
Basavanagudi,2019,ChainSnatching,16-02-2019,16:00:00,12.90998523,77.56261736
Basavanagudi,2015,ChainSnatching,22-03-2015,20:50:00,12.555522,77.324131
Basavanagudi,2015,ChainSnatching,22-05-2015,21:45:00,12.555485,77.325253
Basavanagudi,2015,ChainSnatching,11-06-2015,09:30:00,12.555468,77.325223
Basavanagudi,2015,ChainSnatching,08-07-2015,12:30:00,12.93586,77.5523
Basavanagudi,2015,ChainSnatching,27-07-2015,15:30:00,12.94155,77.550038
Basavanagudi,2015,ChainSnatching,16-08-2015,12:00:00,12.94369,77.53744
Basavanagudi,2015,ChainSnatching,08-09-2015,14:15:00,12.941471,77.543027
Basavanagudi,2015,ChainSnatching,01-10-2015,13:30:00,12.939979,77.558802
Basavanagudi,2015,ChainSnatching,25-12-2015,17:00:00,12.939648,77.544295
Basavanagudi,2016,ChainSnatching,29-03-2016,20:00:00,12.938734,77.538767
Basavanagudi,2017,ChainSnatching,10-04-2017,19:10:00,12.93586,77.5523
Basavanagudi,2017,ChainSnatching,03-05-2017,17:15:00,12.939397,77.541785
Basavanagudi,2017,ChainSnatching,02-08-2017,18:35:00,12.940679,77.559242
Basavanagudi,2017,ChainSnatching,21-08-2017,17:30:00,12.938936,77.543658
Basavanagudi,2017,ChainSnatching,03-09-2017,21:30:00,12.941142,77.545571
Basavanagudi,2017,ChainSnatching,30-09-2017,14:10:00,12.938936,77.543658
Basavanagudi,2017,ChainSnatching,01-10-2017,07:20:00,12.936114,77.545066
Basavanagudi,2018,ChainSnatching,03-11-2018,20:30:00,12.930845,77.539064
Basavanagudi,2018,ChainSnatching,04-11-2018,23:00:00,12.929961,77.538526
Basavanagudi,2019,ChainSnatching,06-03-2019,12:00:00,9.964648,76.298362
CKAchuktu,2015,ChainSnatching,28-12-2015,19:45:00,12.931199,77.555906
CKAchuktu,2016,ChainSnatching,05-02-2016,20:30:00,12.93181516,77.55018602
CKAchuktu,2016,ChainSnatching,26-05-2016,12:30:00,12.92186055,77.5521785
CKAchuktu,2016,ChainSnatching,01-07-2016,19:30:00,12.9260417,77.55505414
CKAchuktu,2016,ChainSnatching,14-07-2016,11:30:00,12.92398766,77.54764376
CKAchuktu,2016,ChainSnatching,15-07-2016,15:10:00,12.92259245,77.5507623
CKAchuktu,2016,ChainSnatching,26-08-2016,09:45:00,12.92246955,77.55308643
CKAchuktu,2016,ChainSnatching,25-09-2016,16:15:00,12.9264147,77.55353724
CKAchuktu,2016,ChainSnatching,15-02-2016,14:30:00,12.93181516,77.55018602
CKAchuktu,2016,ChainSnatching,02-12-2016,17:00:00,12.92186055,77.5521785
CKAchuktu,2017,ChainSnatching,26-04-2017,13:45:00,12.92377397,77.55600207
CKAchuktu,2017,ChainSnatching,17-09-2017,15:00:00,12.930082,77.549042
CKAchuktu,2017,ChainSnatching,25-11-2017,17:50:00,12.555075,77325708
CKAchuktu,2018,ChainSnatching,26-02-2018,16:35:00,12.55421,770325591
CKAchuktu,2018,ChainSnatching,14-06-2018,21:35:00,12.554525,77.325492
CKAchuktu,2018,ChainSnatching,18-08-2018,21:05:00,12.554174,77.334047
CKAchuktu,2018,ChainSnatching,04-10-2018,18:41:00,12.553644,77.331466
CKAchuktu,2018,ChainSnatching,13-11-2018,12:10:00,12.925884,77.547995
CKAchuktu,2018,ChainSnatching,19-12-2018,19:55:00,12.930885,77564770
CKAchuktu,2019,ChainSnatching,16-02-2019,19:30:00,12.930873,77.565708
CKAchuktu,2019,ChainSnatching,26-11-2019,23:00:00,12.926585,77.551648
CKAchuktu,2015,2 WheelerTheft,02-01-2015,16:45:00,12.88605,77.494843
CKAchuktu,2015,2 WheelerTheft,03-01-2015,20:00:00,12.915668,77.589662
CKAchuktu,2015,2 WheelerTheft,04-01-2015,17:30:00,12.926896,77.5896545
CKAchuktu,2015,2 WheelerTheft,05-01-2015,19:45:00,12.9184,77.58268
CKAchuktu,2015,2 WheelerTheft,06-01-2015,19:45:00,12.923665,77.589668
CKAchuktu,2015,2 WheelerTheft,07-01-2015,19:15:00,12.91699,77.58934
CKAchuktu,2015,2 WheelerTheft,08-01-2015,19:30:00,12.919414,77.585452
CKAchuktu,2015,2 WheelerTheft,09-01-2015,12:30:00,12.92877,77.57807
CKAchuktu,2015,2 WheelerTheft,10-01-2015,16:30:00,12.915668,77.569861
CKAchuktu,2015,2 WheelerTheft,11-01-2015,15:00:00,12.92397,77.57968
CKAchuktu,2015,2 WheelerTheft,12-01-2015,18:15:00,12.88605,77.494843
CKAchuktu,2015,2 WheelerTheft,13-01-2015,16:00:00,12.88605,77.494843
CKAchuktu,2015,2 WheelerTheft,14-01-2015,18:50:00,12.92875,77.5801
CKAchuktu,2015,2 WheelerTheft,15-01-2015,19:00:00,12.971599,77.594563
CKAchuktu,2015,2 WheelerTheft,16-01-2015,14:00:00,12.919817,77.58481
CKAchuktu,2015,2 WheelerTheft,17-01-2015,17:30:00,12.926384,77.578007
CKAchuktu,2015,2 WheelerTheft,18-01-2015,18:00:00,12.926254,77.584896
CKAchuktu,2015,2 WheelerTheft,19-01-2015,10:35:00,12.550228,77.350844
CKAchuktu,2015,2 WheelerTheft,20-01-2015,10:35:00,12.9373,77.584642
CKAchuktu,2015,2 WheelerTheft,21-01-2015,12:45:00,12.926254,77.584896
CKAchuktu,2015,2 WheelerTheft,22-01-2015,10:30:00,12.927258,77.585571
CKAchuktu,2015,2 WheelerTheft,23-01-2015,14:10:00,12.922537,77.616736
CKAchuktu,2015,2 WheelerTheft,24-01-2015,13:30:00,12.919691,77.561583
CKAchuktu,2015,2 WheelerTheft,25-01-2015,12:00:00,12.920121,77.571397
CKAchuktu,2015,2 WheelerTheft,26-01-2015,17:00:00,12.971599,77.594563
CKAchuktu,2015,2 WheelerTheft,27-01-2015,17:45:00,12.9298,77.621739
CKAchuktu,2015,2 WheelerTheft,28-01-2015,19:00:00,12.919774,77.577703
CKAchuktu,2015,2 WheelerTheft,29-01-2015,19:00:00,12.930901,77.579527
CKAchuktu,2015,2 WheelerTheft,30-01-2015,12:40:00,12.942117,77.575361
CKAchuktu,2015,2 WheelerTheft,31-01-2015,12:00:00,12.971599,77.594563
CKAchuktu,2015,2 WheelerTheft,01-02-2015,14:00:00,12.92594,77.583042
CKAchuktu,2015,2 WheelerTheft,02-02-2015,19:30:00,12.928807,77.58585
CKAchuktu,2015,2 WheelerTheft,03-02-2015,22:00:00,12.930877,77.57673
CKAchuktu,2015,2 WheelerTheft,04-02-2015,18:30:00,12.544272,77.342621
CKAchuktu,2015,2 WheelerTheft,05-02-2015,16:00:00,12.92367,77.58014
CKAchuktu,2015,2 WheelerTheft,06-02-2015,18:00:00,12.35554,77.345587
CKAchuktu,2015,2 WheelerTheft,07-02-2015,14:00:00,12.926793,77.588426
CKAchuktu,2015,2 WheelerTheft,08-02-2015,19:40:00,12.582316,77.362914
CKAchuktu,2015,2 WheelerTheft,09-02-2015,11:00:00,12.94518,77.58715
CKAchuktu,2015,2 WheelerTheft,10-02-2015,15:00:00,12.554571,77.351017
CKAchuktu,2015,2 WheelerTheft,11-02-2015,11:00:00,12.971599,77.594563
CKAchuktu,2015,2 WheelerTheft,12-02-2015,16:00:00,12.971599,77.594563
CKAchuktu,2015,2 WheelerTheft,13-02-2015,13:30:00,12.971599,77.594563
CKAchuktu,2015,2 WheelerTheft,14-02-2015,18:15:00,12.88605,77.494843
CKAchuktu,2015,2 WheelerTheft,15-02-2015,14:00:00,12.92634,77.57802
CKAchuktu,2015,2 WheelerTheft,16-02-2015,10:00:00,12.91945,77.58825
CKAchuktu,2015,2 WheelerTheft,17-02-2015,11:00:00,12.91945,77.58825
CKAchuktu,2015,2 WheelerTheft,18-02-2015,16:30:00,12.91756,77.58832
CKAchuktu,2015,2 WheelerTheft,19-02-2015,17:30:00,12.92723,77.58548
CKAchuktu,2015,2 WheelerTheft,20-02-2015,12:00:00,12.92208,77.58953
CKAchuktu,2015,2 WheelerTheft,21-02-2015,13:00:00,12.92367,77.58014
CKAchuktu,2015,2 WheelerTheft,22-02-2015,17:45:00,12.925668,77.592755
CKAchuktu,2015,2 WheelerTheft,23-02-2015,13:50:00,12.921556,77.589475
CKAchuktu,2015,2 WheelerTheft,24-02-2015,13:30:00,12.9248566,77.576998
CKAchuktu,2015,2 WheelerTheft,25-02-2015,10:30:00,12.92485,77.5868
CKAchuktu,2015,2 WheelerTheft,26-02-2015,12:30:00,12.921752,77.586995
CKAchuktu,2015,2 WheelerTheft,27-02-2015,10:10:00,12.92208,77.58953
CKAchuktu,2015,2 WheelerTheft,28-02-2015,10:30:00,12.920536,77.5827886
CKAchuktu,2015,2 WheelerTheft,01-03-2015,17:30:00,12.9237563,77.586952
CKAchuktu,2016,2 WheelerTheft,03-01-2016,18:30:00,12.924178,77.590603
CKAchuktu,2016,2 WheelerTheft,04-04-2016,00:00:00,12.92938,77.586042
CKAchuktu,2016,2 WheelerTheft,18-01-2016,21:40:00,12.26607,76.58227
CKAchuktu,2016,2 WheelerTheft,17-01-2016,10:00:00,12.560022,77.344577
CKAchuktu,2016,2 WheelerTheft,21-01-2016,11:45:00,12.553641,77.350641
